PDBsource,Smiles,rmvDumSmiles,ECscore,posResidues,negResidues
6SCM_L7H_A,[4*]c1nc(C([H])([H])[H])nc2c([H])c(OC([H])([H])[H])c(O[C@]3([H])C([H])([H])OC([H])([H])C3([H])[H])c([H])c12,[H]c1c(OC([H])([H])[H])c(O[C@]2([H])C([H])([H])OC([H])([H])C2([H])[H])c([H])c2c([H])nc(C([H])([H])[H])nc12,-1.3749051573689341,TYR36,"TRP35,TYR36"
6SCM_L7H_A,[3*]N([H])[C@@]([H])(c1c([H])c(N([H])[H])c([H])c(C(F)(F)F)c1[H])C([H])([H])[H],[H]c1c(N([H])[H])c([H])c([C@]([H])(N([H])[H])C([H])([H])[H])c([H])c1C(F)(F)F,1.0112606000707158,TRP35,TRP35
6SCM_L7H_A,[9*]N([H])c1nc(C([H])([H])[H])nc2c([H])c(OC([H])([H])[H])c(O[C@]3([H])C([H])([H])OC([H])([H])C3([H])[H])c([H])c12,[H]c1c(OC([H])([H])[H])c(O[C@]2([H])C([H])([H])OC([H])([H])C2([H])[H])c([H])c2c(N([H])[H])nc(C([H])([H])[H])nc12,-1.5396279852355514,TYR36,"TRP35,TYR36"
6SCM_L7H_A,[4*][C@@]([H])(c1c([H])c(N([H])[H])c([H])c(C(F)(F)F)c1[H])C([H])([H])[H],[H]c1c(N([H])[H])c([H])c(C([H])([H])C([H])([H])[H])c([H])c1C(F)(F)F,1.175983427937333,TRP35,TRP35
6SCM_L7H_A,[9*]c1c([H])c(N([H])[H])c([H])c(C(F)(F)F)c1[H],[H]c1c([H])c(N([H])[H])c([H])c(C(F)(F)F)c1[H],2.8708239217052363,TRP35,TRP35
6SCM_L7H_A,[30*][C@]1([H])C([H])([H])OC([H])([H])C1([H])[H],[H]C1([H])OC([H])([H])C([H])([H])C1([H])[H],-0.1934436933910662,TYR36,"TRP35,TYR36"
6SCM_L7H_A,[17*]OC([H])([H])[H],[H]OC([H])([H])[H],0.7717043344145278,TYR36,TYR36
6SCM_L7H_A,[20*]C(F)(F)F,[H]C(F)(F)F,1.4235726021627855,TRP35,
6SCM_L7H_A,[22*]O[C@]1([H])C([H])([H])OC([H])([H])C1([H])[H],[H]O[C@]1([H])C([H])([H])OC([H])([H])C1([H])[H],-0.5335590325705908,TYR36,"TRP35,TYR36"
6SCM_L7H_A,[4*]c1nc([5*])nc2c([H])c(OC([H])([H])[H])c(O[C@]3([H])C([H])([H])OC([H])([H])C3([H])[H])c([H])c12,[H]c1nc([H])c2c([H])c(O[C@]3([H])C([H])([H])OC([H])([H])C3([H])[H])c(OC([H])([H])[H])c([H])c2n1,-1.4935614308564402,TYR36,"TRP35,TYR36"
6SCM_L7H_A,[4*]c1nc(C([H])([H])[H])nc2c([H])c(O[6*])c(O[C@]3([H])C([H])([H])OC([H])([H])C3([H])[H])c([H])c12,[H]Oc1c(O[C@]2([H])C([H])([H])OC([H])([H])C2([H])[H])c([H])c2c([H])nc(C([H])([H])[H])nc2c1[H],-2.5655263761761535,TYR36,"TRP35,TYR36"
6SCM_L7H_A,[3*]N([H])[C@]([10*])([H])C([H])([H])[H],[H]N([H])C([H])([H])C([H])([H])[H],-1.8595633216345209,,TRP35
6SCM_L7H_A,[3*]N([H])[C@@]([18*])([H])c1c([H])c(N([H])[H])c([H])c(C(F)(F)F)c1[H],[H]c1c(N([H])[H])c([H])c(C([H])([H])N([H])[H])c([H])c1C(F)(F)F,2.421111072188925,TRP35,TRP35
6SCM_L7H_A,[4*]c1nc(C([H])([H])[H])nc2c([H])c(OC([H])([H])[H])c(O[15*])c([H])c12,[H]Oc1c(OC([H])([H])[H])c([H])c2nc(C([H])([H])[H])nc([H])c2c1[H],-1.1814614639778682,TYR36,"TRP35,TYR36"
6SCM_L7H_A,[4*]c1nc(C([H])([H])[H])nc2c([H])c([31*])c(O[C@]3([H])C([H])([H])OC([H])([H])C3([H])[H])c([H])c12,[H]c1c(O[C@]2([H])C([H])([H])OC([H])([H])C2([H])[H])c([H])c2c([H])nc(C([H])([H])[H])nc2c1[H],-2.1466094917834626,TYR36,"TRP35,TYR36"
6SCM_L7H_A,[3*]N([H])[C@@]([H])(c1c([H])c([28*])c([H])c(C(F)(F)F)c1[H])C([H])([H])[H],[H]c1c([H])c(C(F)(F)F)c([H])c([C@]([H])(N([H])[H])C([H])([H])[H])c1[H],1.438417991398028,TRP35,TRP35
6SCM_L7H_A,[3*]N([H])[C@@]([H])(c1c([H])c([21*])c([H])c(N([H])[H])c1[H])C([H])([H])[H],[H]c1c([H])c(N([H])[H])c([H])c([C@]([H])(N([H])[H])C([H])([H])[H])c1[H],-0.41231200209207003,TRP35,TRP35
6SCM_L7H_A,[3*]N([H])[C@@]([H])(c1c([H])c(N([H])[H])c([H])c(C([24*])(F)F)c1[H])C([H])([H])[H],[H]c1c(N([H])[H])c([H])c([C@]([H])(N([H])[H])C([H])([H])[H])c([H])c1C([H])(F)F,0.6733392177966242,TRP35,TRP35
6SCM_L7H_A,[3*]N([H])[C@@]([H])(c1c([H])c(N([H])[H])c([H])c(C([25*])(F)F)c1[H])C([H])([H])[H],[H]c1c(N([H])[H])c([H])c([C@]([H])(N([H])[H])C([H])([H])[H])c([H])c1C([H])(F)F,0.6341182963261534,TRP35,TRP35
6SCM_L7H_A,[3*]N([H])[C@@]([H])(c1c([H])c(N([H])[H])c([H])c(C([26*])(F)F)c1[H])C([H])([H])[H],[H]c1c(N([H])[H])c([H])c([C@]([H])(N([H])[H])C([H])([H])[H])c([H])c1C([H])(F)F,0.6554396818180099,TRP35,TRP35
6SCM_L7H_A,[4*]c1nc(C([H])([H])[H])nc2c([H])c(OC([H])([H])[H])c([30*])c([H])c12,[H]c1c(OC([H])([H])[H])c([H])c2nc(C([H])([H])[H])nc([H])c2c1[H],-0.8413461247983435,TYR36,"TRP35,TYR36"
6SCM_L7H_A,[5*]c1nc(N([9*])[H])c2c([H])c(O[C@]3([H])C([H])([H])OC([H])([H])C3([H])[H])c(OC([H])([H])[H])c([H])c2n1,[H]c1nc(N([H])[H])c2c([H])c(O[C@]3([H])C([H])([H])OC([H])([H])C3([H])[H])c(OC([H])([H])[H])c([H])c2n1,-1.6582842587230575,TYR36,"TRP35,TYR36"
6SCM_L7H_A,[6*]Oc1c(O[C@]2([H])C([H])([H])OC([H])([H])C2([H])[H])c([H])c2c(N([9*])[H])nc(C([H])([H])[H])nc2c1[H],[H]Oc1c(O[C@]2([H])C([H])([H])OC([H])([H])C2([H])[H])c([H])c2c(N([H])[H])nc(C([H])([H])[H])nc2c1[H],-2.730249204042771,TYR36,"TRP35,TYR36"
6SCM_L7H_A,[4*][C@]([10*])([H])C([H])([H])[H],[H]C([H])([H])C([H])([H])[H],-1.6948404937679036,,TRP35
6SCM_L7H_A,[4*][C@@]([18*])([H])c1c([H])c(N([H])[H])c([H])c(C(F)(F)F)c1[H],[H]c1c(N([H])[H])c([H])c(C(F)(F)F)c([H])c1C([H])([H])[H],2.585833900055542,TRP35,TRP35
6SCM_L7H_A,[9*]N([H])c1nc(C([H])([H])[H])nc2c([H])c(OC([H])([H])[H])c(O[15*])c([H])c12,[H]Oc1c(OC([H])([H])[H])c([H])c2nc(C([H])([H])[H])nc(N([H])[H])c2c1[H],-1.3461842918444855,TYR36,"TRP35,TYR36"
6SCM_L7H_A,[9*]N([H])c1nc(C([H])([H])[H])nc2c([H])c([31*])c(O[C@]3([H])C([H])([H])OC([H])([H])C3([H])[H])c([H])c12,[H]c1c(O[C@]2([H])C([H])([H])OC([H])([H])C2([H])[H])c([H])c2c(N([H])[H])nc(C([H])([H])[H])nc2c1[H],-2.31133231965008,TYR36,"TRP35,TYR36"
6SCM_L7H_A,[4*][C@@]([H])(c1c([H])c([28*])c([H])c(C(F)(F)F)c1[H])C([H])([H])[H],[H]c1c([H])c(C(F)(F)F)c([H])c(C([H])([H])C([H])([H])[H])c1[H],1.6031408192646452,TRP35,TRP35
6SCM_L7H_A,[4*][C@@]([H])(c1c([H])c([21*])c([H])c(N([H])[H])c1[H])C([H])([H])[H],[H]c1c([H])c(N([H])[H])c([H])c(C([H])([H])C([H])([H])[H])c1[H],-0.24758917422545274,TRP35,TRP35
6SCM_L7H_A,[4*][C@@]([H])(c1c([H])c(N([H])[H])c([H])c(C([24*])(F)F)c1[H])C([H])([H])[H],[H]c1c(N([H])[H])c([H])c(C([H])([H])C([H])([H])[H])c([H])c1C([H])(F)F,0.8380620456632415,TRP35,TRP35
6SCM_L7H_A,[4*][C@@]([H])(c1c([H])c(N([H])[H])c([H])c(C([25*])(F)F)c1[H])C([H])([H])[H],[H]c1c(N([H])[H])c([H])c(C([H])([H])C([H])([H])[H])c([H])c1C([H])(F)F,0.7988411241927706,TRP35,TRP35
6SCM_L7H_A,[4*][C@@]([H])(c1c([H])c(N([H])[H])c([H])c(C([26*])(F)F)c1[H])C([H])([H])[H],[H]c1c(N([H])[H])c([H])c(C([H])([H])C([H])([H])[H])c([H])c1C([H])(F)F,0.8201625096846272,TRP35,TRP35
6SCM_L7H_A,[9*]N([H])c1nc(C([H])([H])[H])nc2c([H])c(OC([H])([H])[H])c([30*])c([H])c12,[H]c1c(OC([H])([H])[H])c([H])c2nc(C([H])([H])[H])nc(N([H])[H])c2c1[H],-1.0060689526649607,TYR36,"TRP35,TYR36"
6SCM_L7H_A,[10*][C@]([H])(N([H])c1nc(C([H])([H])[H])nc2c([H])c(OC([H])([H])[H])c(O[15*])c([H])c12)C([H])([H])[H],[H]Oc1c(OC([H])([H])[H])c([H])c2nc(C([H])([H])[H])nc(N([H])C([H])([H])C([H])([H])[H])c2c1[H],-3.041024785612389,TYR36,"TRP35,TYR36"
6SCM_L7H_A,[10*][C@]([H])(N([H])c1nc(C([H])([H])[H])nc2c([H])c([31*])c(O[C@]3([H])C([H])([H])OC([H])([H])C3([H])[H])c([H])c12)C([H])([H])[H],[H]c1c(O[C@]2([H])C([H])([H])OC([H])([H])C2([H])[H])c([H])c2c(N([H])C([H])([H])C([H])([H])[H])nc(C([H])([H])[H])nc2c1[H],-4.006172813417984,TYR36,"TRP35,TYR36"
6SCM_L7H_A,[9*]c1c([H])c([28*])c([H])c(C(F)(F)F)c1[H],[H]c1c([H])c([H])c(C(F)(F)F)c([H])c1[H],3.297981313032549,TRP35,TRP35
6SCM_L7H_A,[9*]c1c([H])c([21*])c([H])c(N([H])[H])c1[H],[H]c1c([H])c([H])c(N([H])[H])c([H])c1[H],1.4472513195424515,TRP35,TRP35
6SCM_L7H_A,[9*]c1c([H])c(N([H])[H])c([H])c(C([24*])(F)F)c1[H],[H]c1c([H])c(N([H])[H])c([H])c(C([H])(F)F)c1[H],2.532902539431145,TRP35,TRP35
6SCM_L7H_A,[9*]c1c([H])c(N([H])[H])c([H])c(C([25*])(F)F)c1[H],[H]c1c([H])c(N([H])[H])c([H])c(C([H])(F)F)c1[H],2.493681617960674,TRP35,TRP35
6SCM_L7H_A,[9*]c1c([H])c(N([H])[H])c([H])c(C([26*])(F)F)c1[H],[H]c1c([H])c(N([H])[H])c([H])c(C([H])(F)F)c1[H],2.5150030034525304,TRP35,TRP35
6SCM_L7H_A,[10*][C@]([H])(N([H])c1nc(C([H])([H])[H])nc2c([H])c(OC([H])([H])[H])c([30*])c([H])c12)C([H])([H])[H],[H]c1c(OC([H])([H])[H])c([H])c2nc(C([H])([H])[H])nc(N([H])C([H])([H])C([H])([H])[H])c2c1[H],-2.7009094464328647,TYR36,"TRP35,TYR36"
6SCM_L7H_A,[20*]C([24*])(F)F,[H]C([H])(F)F,1.0856512198886943,TRP35,
6SCM_L7H_A,[20*]C([25*])(F)F,[H]C([H])(F)F,1.046430298418223,TRP35,
6SCM_L7H_A,[20*]C([26*])(F)F,[H]C([H])(F)F,1.0677516839100796,TRP35,
6SCM_L7H_A,[4*]c1nc([5*])nc2c([H])c(O[6*])c(O[C@]3([H])C([H])([H])OC([H])([H])C3([H])[H])c([H])c12,[H]Oc1c(O[C@]2([H])C([H])([H])OC([H])([H])C2([H])[H])c([H])c2c([H])nc([H])nc2c1[H],-2.684182649663659,TYR36,"TRP35,TYR36"
6SCM_L7H_A,[4*]c1nc([5*])nc2c([H])c(OC([H])([H])[H])c(O[15*])c([H])c12,[H]Oc1c(OC([H])([H])[H])c([H])c2nc([H])nc([H])c2c1[H],-1.3001177374653738,TYR36,"TRP35,TYR36"
6SCM_L7H_A,[4*]c1nc([5*])nc2c([H])c([31*])c(O[C@]3([H])C([H])([H])OC([H])([H])C3([H])[H])c([H])c12,[H]c1nc([H])c2c([H])c(O[C@]3([H])C([H])([H])OC([H])([H])C3([H])[H])c([H])c([H])c2n1,-2.2652657652709682,TYR36,"TRP35,TYR36"
6SCM_L7H_A,[4*]c1nc([5*])nc2c([H])c(OC([H])([H])[H])c([30*])c([H])c12,[H]c1nc([H])c2c([H])c([H])c(OC([H])([H])[H])c([H])c2n1,-0.9600023982858491,TYR36,"TRP35,TYR36"
6SCM_L7H_A,[4*]c1nc(C([H])([H])[H])nc2c([H])c(O[6*])c(O[15*])c([H])c12,[H]Oc1c(O[H])c([H])c2c([H])nc(C([H])([H])[H])nc2c1[H],-2.372082682785087,TYR36,"TRP35,TYR36"
6SCM_L7H_A,[4*]c1nc(C([H])([H])[H])nc2c([H])c(O[6*])c([30*])c([H])c12,[H]Oc1c([H])c([H])c2c([H])nc(C([H])([H])[H])nc2c1[H],-2.0319673436055625,TYR36,"TRP35,TYR36"
6SCM_L7H_A,[3*]N([H])[C@@]([10*])([18*])[H],[H]N([H])C([H])([H])[H],-0.4497128495163119,,TRP35
6SCM_L7H_A,[3*]N([H])[C@@]([18*])([H])c1c([H])c([28*])c([H])c(C(F)(F)F)c1[H],[H]c1c([H])c(C(F)(F)F)c([H])c(C([H])([H])N([H])[H])c1[H],2.8482684635162374,TRP35,TRP35
6SCM_L7H_A,[3*]N([H])[C@@]([18*])([H])c1c([H])c([21*])c([H])c(N([H])[H])c1[H],[H]c1c([H])c(N([H])[H])c([H])c(C([H])([H])N([H])[H])c1[H],0.9975384700261396,TRP35,TRP35
6SCM_L7H_A,[3*]N([H])[C@@]([18*])([H])c1c([H])c(N([H])[H])c([H])c(C([24*])(F)F)c1[H],[H]c1c(N([H])[H])c([H])c(C([H])([H])N([H])[H])c([H])c1C([H])(F)F,2.083189689914833,TRP35,TRP35
6SCM_L7H_A,[3*]N([H])[C@@]([18*])([H])c1c([H])c(N([H])[H])c([H])c(C([25*])(F)F)c1[H],[H]c1c(N([H])[H])c([H])c(C([H])([H])N([H])[H])c([H])c1C([H])(F)F,2.0439687684443624,TRP35,TRP35
6SCM_L7H_A,[3*]N([H])[C@@]([18*])([H])c1c([H])c(N([H])[H])c([H])c(C([26*])(F)F)c1[H],[H]c1c(N([H])[H])c([H])c(C([H])([H])N([H])[H])c([H])c1C([H])(F)F,2.065290153936219,TRP35,TRP35
6SCM_L7H_A,[4*]c1nc(C([H])([H])[H])nc2c([H])c([31*])c(O[15*])c([H])c12,[H]Oc1c([H])c([H])c2nc(C([H])([H])[H])nc([H])c2c1[H],-1.953165798392396,TYR36,"TRP35,TYR36"
6SCM_L7H_A,[4*]c1nc(C([H])([H])[H])nc2c([H])c([31*])c([30*])c([H])c12,[H]c1c([H])c([H])c2c([H])nc(C([H])([H])[H])nc2c1[H],-1.6130504592128712,TYR36,"TRP35,TYR36"
6SCM_L7H_A,[3*]N([H])[C@@]([H])(c1c([H])c([21*])c([H])c([28*])c1[H])C([H])([H])[H],[H]c1c([H])c([H])c([C@]([H])(N([H])[H])C([H])([H])[H])c([H])c1[H],0.014845389235242645,TRP35,TRP35
6SCM_L7H_A,[3*]N([H])[C@@]([H])(c1c([H])c([28*])c([H])c(C([24*])(F)F)c1[H])C([H])([H])[H],[H]c1c([H])c(C([H])(F)F)c([H])c([C@]([H])(N([H])[H])C([H])([H])[H])c1[H],1.1004966091239365,TRP35,TRP35
6SCM_L7H_A,[3*]N([H])[C@@]([H])(c1c([H])c([28*])c([H])c(C([25*])(F)F)c1[H])C([H])([H])[H],[H]c1c([H])c(C([H])(F)F)c([H])c([C@]([H])(N([H])[H])C([H])([H])[H])c1[H],1.0612756876534657,TRP35,TRP35
6SCM_L7H_A,[3*]N([H])[C@@]([H])(c1c([H])c([28*])c([H])c(C([26*])(F)F)c1[H])C([H])([H])[H],[H]c1c([H])c(C([H])(F)F)c([H])c([C@]([H])(N([H])[H])C([H])([H])[H])c1[H],1.0825970731453223,TRP35,TRP35
6SCM_L7H_A,[3*]N([H])[C@@]([H])(c1c([H])c(N([H])[H])c([H])c(C([24*])([25*])F)c1[H])C([H])([H])[H],[H]c1c(N([H])[H])c([H])c([C@]([H])(N([H])[H])C([H])([H])[H])c([H])c1C([H])([H])F,0.2961969140520616,TRP35,TRP35
6SCM_L7H_A,[3*]N([H])[C@@]([H])(c1c([H])c(N([H])[H])c([H])c(C([24*])([26*])F)c1[H])C([H])([H])[H],[H]c1c(N([H])[H])c([H])c([C@]([H])(N([H])[H])C([H])([H])[H])c([H])c1C([H])([H])F,0.3175182995439182,TRP35,TRP35
6SCM_L7H_A,[3*]N([H])[C@@]([H])(c1c([H])c(N([H])[H])c([H])c(C([25*])([26*])F)c1[H])C([H])([H])[H],[H]c1c(N([H])[H])c([H])c([C@]([H])(N([H])[H])C([H])([H])[H])c([H])c1C([H])([H])F,0.27829737807344734,TRP35,TRP35
6SCM_L7H_A,[5*]c1nc(N([9*])[H])c2c([H])c(O[C@]3([H])C([H])([H])OC([H])([H])C3([H])[H])c(O[6*])c([H])c2n1,[H]Oc1c(O[C@]2([H])C([H])([H])OC([H])([H])C2([H])[H])c([H])c2c(N([H])[H])nc([H])nc2c1[H],-2.8489054775302765,TYR36,"TRP35,TYR36"
6SCM_L7H_A,[5*]c1nc(N([9*])[H])c2c([H])c(O[15*])c(OC([H])([H])[H])c([H])c2n1,[H]Oc1c(OC([H])([H])[H])c([H])c2nc([H])nc(N([H])[H])c2c1[H],-1.4648405653319911,TYR36,"TRP35,TYR36"
6SCM_L7H_A,[5*]c1nc(N([9*])[H])c2c([H])c(O[C@]3([H])C([H])([H])OC([H])([H])C3([H])[H])c([31*])c([H])c2n1,[H]c1nc(N([H])[H])c2c([H])c(O[C@]3([H])C([H])([H])OC([H])([H])C3([H])[H])c([H])c([H])c2n1,-2.4299885931375855,TYR36,"TRP35,TYR36"
6SCM_L7H_A,[5*]c1nc(N([9*])[H])c2c([H])c([30*])c(OC([H])([H])[H])c([H])c2n1,[H]c1nc(N([H])[H])c2c([H])c([H])c(OC([H])([H])[H])c([H])c2n1,-1.1247252261524663,TYR36,"TRP35,TYR36"
6SCM_L7H_A,[6*]Oc1c(O[15*])c([H])c2c(N([9*])[H])nc(C([H])([H])[H])nc2c1[H],[H]Oc1c(O[H])c([H])c2c(N([H])[H])nc(C([H])([H])[H])nc2c1[H],-2.5368055106517042,TYR36,"TRP35,TYR36"
6SCM_L7H_A,[6*]Oc1c([30*])c([H])c2c(N([9*])[H])nc(C([H])([H])[H])nc2c1[H],[H]Oc1c([H])c([H])c2c(N([H])[H])nc(C([H])([H])[H])nc2c1[H],-2.19669017147218,TYR36,"TRP35,TYR36"
6SCM_L7H_A,[4*][C@@]([18*])([H])c1c([H])c([28*])c([H])c(C(F)(F)F)c1[H],[H]c1c([H])c(C([H])([H])[H])c([H])c(C(F)(F)F)c1[H],3.0129912913828547,TRP35,TRP35
6SCM_L7H_A,[4*][C@@]([18*])([H])c1c([H])c([21*])c([H])c(N([H])[H])c1[H],[H]c1c([H])c(N([H])[H])c([H])c(C([H])([H])[H])c1[H],1.162261297892757,TRP35,TRP35
6SCM_L7H_A,[4*][C@@]([18*])([H])c1c([H])c(N([H])[H])c([H])c(C([24*])(F)F)c1[H],[H]c1c(N([H])[H])c([H])c(C([H])(F)F)c([H])c1C([H])([H])[H],2.2479125177814505,TRP35,TRP35
6SCM_L7H_A,[4*][C@@]([18*])([H])c1c([H])c(N([H])[H])c([H])c(C([25*])(F)F)c1[H],[H]c1c(N([H])[H])c([H])c(C([H])(F)F)c([H])c1C([H])([H])[H],2.2086915963109797,TRP35,TRP35
6SCM_L7H_A,[4*][C@@]([18*])([H])c1c([H])c(N([H])[H])c([H])c(C([26*])(F)F)c1[H],[H]c1c(N([H])[H])c([H])c(C([H])(F)F)c([H])c1C([H])([H])[H],2.2300129818028362,TRP35,TRP35
6SCM_L7H_A,[9*]N([H])c1nc(C([H])([H])[H])nc2c([H])c([31*])c(O[15*])c([H])c12,[H]Oc1c([H])c([H])c2nc(C([H])([H])[H])nc(N([H])[H])c2c1[H],-2.1178886262590133,TYR36,"TRP35,TYR36"
6SCM_L7H_A,[9*]N([H])c1nc(C([H])([H])[H])nc2c([H])c([31*])c([30*])c([H])c12,[H]c1c([H])c([H])c2c(N([H])[H])nc(C([H])([H])[H])nc2c1[H],-1.777773287079489,TYR36,"TRP35,TYR36"
6SCM_L7H_A,[4*][C@@]([H])(c1c([H])c([21*])c([H])c([28*])c1[H])C([H])([H])[H],[H]c1c([H])c([H])c(C([H])([H])C([H])([H])[H])c([H])c1[H],0.17956821710185994,TRP35,TRP35
6SCM_L7H_A,[4*][C@@]([H])(c1c([H])c([28*])c([H])c(C([24*])(F)F)c1[H])C([H])([H])[H],[H]c1c([H])c(C([H])(F)F)c([H])c(C([H])([H])C([H])([H])[H])c1[H],1.2652194369905538,TRP35,TRP35
6SCM_L7H_A,[4*][C@@]([H])(c1c([H])c([28*])c([H])c(C([25*])(F)F)c1[H])C([H])([H])[H],[H]c1c([H])c(C([H])(F)F)c([H])c(C([H])([H])C([H])([H])[H])c1[H],1.225998515520083,TRP35,TRP35
6SCM_L7H_A,[4*][C@@]([H])(c1c([H])c([28*])c([H])c(C([26*])(F)F)c1[H])C([H])([H])[H],[H]c1c([H])c(C([H])(F)F)c([H])c(C([H])([H])C([H])([H])[H])c1[H],1.2473199010119396,TRP35,TRP35
6SCM_L7H_A,[4*][C@@]([H])(c1c([H])c(N([H])[H])c([H])c(C([24*])([25*])F)c1[H])C([H])([H])[H],[H]c1c(N([H])[H])c([H])c(C([H])([H])C([H])([H])[H])c([H])c1C([H])([H])F,0.46091974191867896,TRP35,TRP35
6SCM_L7H_A,[4*][C@@]([H])(c1c([H])c(N([H])[H])c([H])c(C([24*])([26*])F)c1[H])C([H])([H])[H],[H]c1c(N([H])[H])c([H])c(C([H])([H])C([H])([H])[H])c([H])c1C([H])([H])F,0.48224112741053554,TRP35,TRP35
6SCM_L7H_A,[4*][C@@]([H])(c1c([H])c(N([H])[H])c([H])c(C([25*])([26*])F)c1[H])C([H])([H])[H],[H]c1c(N([H])[H])c([H])c(C([H])([H])C([H])([H])[H])c([H])c1C([H])([H])F,0.4430202059400647,TRP35,TRP35
6SCM_L7H_A,[5*]c1nc(N([H])[C@]([10*])([H])C([H])([H])[H])c2c([H])c(O[C@]3([H])C([H])([H])OC([H])([H])C3([H])[H])c(O[6*])c([H])c2n1,[H]Oc1c(O[C@]2([H])C([H])([H])OC([H])([H])C2([H])[H])c([H])c2c(N([H])C([H])([H])C([H])([H])[H])nc([H])nc2c1[H],-4.54374597129818,TYR36,"TRP35,TYR36"
6SCM_L7H_A,[5*]c1nc(N([H])[C@@]([10*])([18*])[H])c2c([H])c(O[C@]3([H])C([H])([H])OC([H])([H])C3([H])[H])c(OC([H])([H])[H])c([H])c2n1,[H]c1nc(N([H])C([H])([H])[H])c2c([H])c(O[C@]3([H])C([H])([H])OC([H])([H])C3([H])[H])c(OC([H])([H])[H])c([H])c2n1,-1.9432742803727525,TYR36,"TRP35,TYR36"
6SCM_L7H_A,[5*]c1nc(N([H])[C@]([10*])([H])C([H])([H])[H])c2c([H])c(O[15*])c(OC([H])([H])[H])c([H])c2n1,[H]Oc1c(OC([H])([H])[H])c([H])c2nc([H])nc(N([H])C([H])([H])C([H])([H])[H])c2c1[H],-3.159681059099895,TYR36,"TRP35,TYR36"
6SCM_L7H_A,[5*]c1nc(N([H])[C@]([10*])([H])C([H])([H])[H])c2c([H])c(O[C@]3([H])C([H])([H])OC([H])([H])C3([H])[H])c([31*])c([H])c2n1,[H]c1nc(N([H])C([H])([H])C([H])([H])[H])c2c([H])c(O[C@]3([H])C([H])([H])OC([H])([H])C3([H])[H])c([H])c([H])c2n1,-4.124829086905489,TYR36,"TRP35,TYR36"
6SCM_L7H_A,[5*]c1nc(N([H])[C@]([10*])([H])C([H])([H])[H])c2c([H])c([30*])c(OC([H])([H])[H])c([H])c2n1,[H]c1nc(N([H])C([H])([H])C([H])([H])[H])c2c([H])c([H])c(OC([H])([H])[H])c([H])c2n1,-2.8195657199203707,TYR36,"TRP35,TYR36"
6SCM_L7H_A,[6*]Oc1c(O[C@]2([H])C([H])([H])OC([H])([H])C2([H])[H])c([H])c2c(N([H])[C@@]([10*])([18*])[H])nc(C([H])([H])[H])nc2c1[H],[H]Oc1c(O[C@]2([H])C([H])([H])OC([H])([H])C2([H])[H])c([H])c2c(N([H])C([H])([H])[H])nc(C([H])([H])[H])nc2c1[H],-3.0152392256924654,TYR36,"TRP35,TYR36"
6SCM_L7H_A,[6*]Oc1c(O[15*])c([H])c2c(N([H])[C@]([10*])([H])C([H])([H])[H])nc(C([H])([H])[H])nc2c1[H],[H]Oc1c(O[H])c([H])c2c(N([H])C([H])([H])C([H])([H])[H])nc(C([H])([H])[H])nc2c1[H],-4.231646004419608,TYR36,"TRP35,TYR36"
6SCM_L7H_A,[6*]Oc1c([30*])c([H])c2c(N([H])[C@]([10*])([H])C([H])([H])[H])nc(C([H])([H])[H])nc2c1[H],[H]Oc1c([H])c([H])c2c(N([H])C([H])([H])C([H])([H])[H])nc(C([H])([H])[H])nc2c1[H],-3.8915306652400834,TYR36,"TRP35,TYR36"
6SCM_L7H_A,[10*][C@]([18*])([H])N([H])c1nc(C([H])([H])[H])nc2c([H])c(OC([H])([H])[H])c(O[15*])c([H])c12,[H]Oc1c(OC([H])([H])[H])c([H])c2nc(C([H])([H])[H])nc(N([H])C([H])([H])[H])c2c1[H],-1.6311743134941805,TYR36,"TRP35,TYR36"
6SCM_L7H_A,[10*][C@]([18*])([H])N([H])c1nc(C([H])([H])[H])nc2c([H])c([31*])c(O[C@]3([H])C([H])([H])OC([H])([H])C3([H])[H])c([H])c12,[H]c1c(O[C@]2([H])C([H])([H])OC([H])([H])C2([H])[H])c([H])c2c(N([H])C([H])([H])[H])nc(C([H])([H])[H])nc2c1[H],-2.5963223412997745,TYR36,"TRP35,TYR36"
6SCM_L7H_A,[10*][C@]([18*])([H])N([H])c1nc(C([H])([H])[H])nc2c([H])c(OC([H])([H])[H])c([30*])c([H])c12,[H]c1c(OC([H])([H])[H])c([H])c2nc(C([H])([H])[H])nc(N([H])C([H])([H])[H])c2c1[H],-1.2910589743146557,TYR36,"TRP35,TYR36"
6SCM_L7H_A,[10*][C@]([H])(N([H])c1nc(C([H])([H])[H])nc2c([H])c([31*])c(O[15*])c([H])c12)C([H])([H])[H],[H]Oc1c([H])c([H])c2nc(C([H])([H])[H])nc(N([H])C([H])([H])C([H])([H])[H])c2c1[H],-3.812729120026917,TYR36,"TRP35,TYR36"
6SCM_L7H_A,[10*][C@]([H])(N([H])c1nc(C([H])([H])[H])nc2c([H])c([31*])c([30*])c([H])c12)C([H])([H])[H],[H]c1c([H])c([H])c2c(N([H])C([H])([H])C([H])([H])[H])nc(C([H])([H])[H])nc2c1[H],-3.4726137808473925,TYR36,"TRP35,TYR36"
6SCM_L7H_A,[9*]c1c([H])c([21*])c([H])c([28*])c1[H],[H]c1c([H])c([H])c([H])c([H])c1[H],1.8744087108697638,TRP35,TRP35
6SCM_L7H_A,[9*]c1c([H])c([28*])c([H])c(C([24*])(F)F)c1[H],[H]c1c([H])c([H])c(C([H])(F)F)c([H])c1[H],2.9600599307584576,TRP35,TRP35
6SCM_L7H_A,[9*]c1c([H])c([28*])c([H])c(C([25*])(F)F)c1[H],[H]c1c([H])c([H])c(C([H])(F)F)c([H])c1[H],2.9208390092879863,TRP35,TRP35
6SCM_L7H_A,[9*]c1c([H])c([28*])c([H])c(C([26*])(F)F)c1[H],[H]c1c([H])c([H])c(C([H])(F)F)c([H])c1[H],2.942160394779843,TRP35,TRP35
6SCM_L7H_A,[9*]c1c([H])c(N([H])[H])c([H])c(C([24*])([25*])F)c1[H],[H]c1c([H])c(N([H])[H])c([H])c(C([H])([H])F)c1[H],2.1557602356865826,TRP35,TRP35
6SCM_L7H_A,[9*]c1c([H])c(N([H])[H])c([H])c(C([24*])([26*])F)c1[H],[H]c1c([H])c(N([H])[H])c([H])c(C([H])([H])F)c1[H],2.177081621178439,TRP35,TRP35
6SCM_L7H_A,[9*]c1c([H])c(N([H])[H])c([H])c(C([25*])([26*])F)c1[H],[H]c1c([H])c(N([H])[H])c([H])c(C([H])([H])F)c1[H],2.137860699707968,TRP35,TRP35
6SCM_L7H_A,[20*]C([24*])([25*])F,[H]C([H])([H])F,0.7085089161441316,TRP35,
6SCM_L7H_A,[20*]C([24*])([26*])F,[H]C([H])([H])F,0.7298303016359882,TRP35,
6SCM_L7H_A,[20*]C([25*])([26*])F,[H]C([H])([H])F,0.690609380165517,TRP35,
6SCM_L7H_A,[4*]c1nc([5*])nc2c([H])c(O[6*])c(O[15*])c([H])c12,[H]Oc1c(O[H])c([H])c2c([H])nc([H])nc2c1[H],-2.4907389562725926,TYR36,"TRP35,TYR36"
6SCM_L7H_A,[4*]c1nc([5*])nc2c([H])c(O[6*])c([30*])c([H])c12,[H]Oc1c([H])c([H])c2c([H])nc([H])nc2c1[H],-2.150623617093068,TYR36,"TRP35,TYR36"
6SCM_L7H_A,[4*]c1nc([5*])nc2c([H])c([31*])c(O[15*])c([H])c12,[H]Oc1c([H])c([H])c2nc([H])nc([H])c2c1[H],-2.0718220718799016,TYR36,"TRP35,TYR36"
6SCM_L7H_A,[4*]c1nc([5*])nc2c([H])c([31*])c([30*])c([H])c12,[H]c1nc([H])c2c([H])c([H])c([H])c([H])c2n1,-1.7317067327003772,TYR36,"TRP35,TYR36"
6SCM_L7H_A,[3*]N([H])[C@@]([18*])([H])c1c([H])c([21*])c([H])c([28*])c1[H],[H]c1c([H])c([H])c(C([H])([H])N([H])[H])c([H])c1[H],1.424695861353452,TRP35,TRP35
6SCM_L7H_A,[3*]N([H])[C@@]([18*])([H])c1c([H])c([28*])c([H])c(C([24*])(F)F)c1[H],[H]c1c([H])c(C([H])(F)F)c([H])c(C([H])([H])N([H])[H])c1[H],2.510347081242146,TRP35,TRP35
6SCM_L7H_A,[3*]N([H])[C@@]([18*])([H])c1c([H])c([28*])c([H])c(C([25*])(F)F)c1[H],[H]c1c([H])c(C([H])(F)F)c([H])c(C([H])([H])N([H])[H])c1[H],2.471126159771675,TRP35,TRP35
6SCM_L7H_A,[3*]N([H])[C@@]([18*])([H])c1c([H])c([28*])c([H])c(C([26*])(F)F)c1[H],[H]c1c([H])c(C([H])(F)F)c([H])c(C([H])([H])N([H])[H])c1[H],2.4924475452635315,TRP35,TRP35
6SCM_L7H_A,[3*]N([H])[C@@]([18*])([H])c1c([H])c(N([H])[H])c([H])c(C([24*])([25*])F)c1[H],[H]c1c(N([H])[H])c([H])c(C([H])([H])N([H])[H])c([H])c1C([H])([H])F,1.706047386170271,TRP35,TRP35
6SCM_L7H_A,[3*]N([H])[C@@]([18*])([H])c1c([H])c(N([H])[H])c([H])c(C([24*])([26*])F)c1[H],[H]c1c(N([H])[H])c([H])c(C([H])([H])N([H])[H])c([H])c1C([H])([H])F,1.7273687716621275,TRP35,TRP35
6SCM_L7H_A,[3*]N([H])[C@@]([18*])([H])c1c([H])c(N([H])[H])c([H])c(C([25*])([26*])F)c1[H],[H]c1c(N([H])[H])c([H])c(C([H])([H])N([H])[H])c([H])c1C([H])([H])F,1.6881478501916567,TRP35,TRP35
6SCM_L7H_A,[3*]N([H])[C@@]([H])(c1c([H])c([28*])c([H])c(C([24*])([25*])F)c1[H])C([H])([H])[H],[H]c1c([H])c(C([H])([H])F)c([H])c([C@]([H])(N([H])[H])C([H])([H])[H])c1[H],0.7233543053793741,TRP35,TRP35
6SCM_L7H_A,[3*]N([H])[C@@]([H])(c1c([H])c([28*])c([H])c(C([24*])([26*])F)c1[H])C([H])([H])[H],[H]c1c([H])c(C([H])([H])F)c([H])c([C@]([H])(N([H])[H])C([H])([H])[H])c1[H],0.7446756908712306,TRP35,TRP35
6SCM_L7H_A,[3*]N([H])[C@@]([H])(c1c([H])c([28*])c([H])c(C([25*])([26*])F)c1[H])C([H])([H])[H],[H]c1c([H])c(C([H])([H])F)c([H])c([C@]([H])(N([H])[H])C([H])([H])[H])c1[H],0.7054547694007598,TRP35,TRP35
6SCM_L7H_A,[3*]N([H])[C@@]([H])(c1c([H])c(N([H])[H])c([H])c(C([24*])([25*])[26*])c1[H])C([H])([H])[H],[H]c1c(N([H])[H])c([H])c([C@]([H])(N([H])[H])C([H])([H])[H])c([H])c1C([H])([H])[H],-0.05962400420064434,TRP35,TRP35
6SCM_L7H_A,[5*]c1nc(N([9*])[H])c2c([H])c(O[15*])c(O[6*])c([H])c2n1,[H]Oc1c(O[H])c([H])c2c(N([H])[H])nc([H])nc2c1[H],-2.65546178413921,TYR36,"TRP35,TYR36"
6SCM_L7H_A,[5*]c1nc(N([9*])[H])c2c([H])c([30*])c(O[6*])c([H])c2n1,[H]Oc1c([H])c([H])c2c(N([H])[H])nc([H])nc2c1[H],-2.3153464449596854,TYR36,"TRP35,TYR36"
6SCM_L7H_A,[5*]c1nc(N([9*])[H])c2c([H])c(O[15*])c([31*])c([H])c2n1,[H]Oc1c([H])c([H])c2nc([H])nc(N([H])[H])c2c1[H],-2.236544899746519,TYR36,"TRP35,TYR36"
6SCM_L7H_A,[5*]c1nc(N([9*])[H])c2c([H])c([30*])c([31*])c([H])c2n1,[H]c1nc(N([H])[H])c2c([H])c([H])c([H])c([H])c2n1,-1.8964295605669945,TYR36,"TRP35,TYR36"
6SCM_L7H_A,[4*][C@@]([18*])([H])c1c([H])c([21*])c([H])c([28*])c1[H],[H]c1c([H])c([H])c(C([H])([H])[H])c([H])c1[H],1.5894186892200692,TRP35,TRP35
6SCM_L7H_A,[4*][C@@]([18*])([H])c1c([H])c([28*])c([H])c(C([24*])(F)F)c1[H],[H]c1c([H])c(C([H])([H])[H])c([H])c(C([H])(F)F)c1[H],2.675069909108763,TRP35,TRP35
6SCM_L7H_A,[4*][C@@]([18*])([H])c1c([H])c([28*])c([H])c(C([25*])(F)F)c1[H],[H]c1c([H])c(C([H])([H])[H])c([H])c(C([H])(F)F)c1[H],2.6358489876382922,TRP35,TRP35
6SCM_L7H_A,[4*][C@@]([18*])([H])c1c([H])c([28*])c([H])c(C([26*])(F)F)c1[H],[H]c1c([H])c(C([H])([H])[H])c([H])c(C([H])(F)F)c1[H],2.657170373130149,TRP35,TRP35
6SCM_L7H_A,[4*][C@@]([18*])([H])c1c([H])c(N([H])[H])c([H])c(C([24*])([25*])F)c1[H],[H]c1c(N([H])[H])c([H])c(C([H])([H])F)c([H])c1C([H])([H])[H],1.870770214036888,TRP35,TRP35
6SCM_L7H_A,[4*][C@@]([18*])([H])c1c([H])c(N([H])[H])c([H])c(C([24*])([26*])F)c1[H],[H]c1c(N([H])[H])c([H])c(C([H])([H])F)c([H])c1C([H])([H])[H],1.8920915995287446,TRP35,TRP35
6SCM_L7H_A,[4*][C@@]([18*])([H])c1c([H])c(N([H])[H])c([H])c(C([25*])([26*])F)c1[H],[H]c1c(N([H])[H])c([H])c(C([H])([H])F)c([H])c1C([H])([H])[H],1.8528706780582738,TRP35,TRP35
6SCM_L7H_A,[4*][C@@]([H])(c1c([H])c([28*])c([H])c(C([24*])([25*])F)c1[H])C([H])([H])[H],[H]c1c([H])c(C([H])([H])F)c([H])c(C([H])([H])C([H])([H])[H])c1[H],0.8880771332459914,TRP35,TRP35
6SCM_L7H_A,[4*][C@@]([H])(c1c([H])c([28*])c([H])c(C([24*])([26*])F)c1[H])C([H])([H])[H],[H]c1c([H])c(C([H])([H])F)c([H])c(C([H])([H])C([H])([H])[H])c1[H],0.9093985187378479,TRP35,TRP35
6SCM_L7H_A,[4*][C@@]([H])(c1c([H])c([28*])c([H])c(C([25*])([26*])F)c1[H])C([H])([H])[H],[H]c1c([H])c(C([H])([H])F)c([H])c(C([H])([H])C([H])([H])[H])c1[H],0.8701775972673771,TRP35,TRP35
6SCM_L7H_A,[4*][C@@]([H])(c1c([H])c(N([H])[H])c([H])c(C([24*])([25*])[26*])c1[H])C([H])([H])[H],[H]c1c(N([H])[H])c([H])c(C([H])([H])C([H])([H])[H])c([H])c1C([H])([H])[H],0.10509882366597295,TRP35,TRP35
6SCM_L7H_A,[5*]c1nc(N([H])[C@@]([10*])([18*])[H])c2c([H])c(O[C@]3([H])C([H])([H])OC([H])([H])C3([H])[H])c(O[6*])c([H])c2n1,[H]Oc1c(O[C@]2([H])C([H])([H])OC([H])([H])C2([H])[H])c([H])c2c(N([H])C([H])([H])[H])nc([H])nc2c1[H],-3.133895499179971,TYR36,"TRP35,TYR36"
6SCM_L7H_A,[5*]c1nc(N([H])[C@]([10*])([H])C([H])([H])[H])c2c([H])c(O[15*])c(O[6*])c([H])c2n1,[H]Oc1c(O[H])c([H])c2c(N([H])C([H])([H])C([H])([H])[H])nc([H])nc2c1[H],-4.350302277907113,TYR36,"TRP35,TYR36"
6SCM_L7H_A,[5*]c1nc(N([H])[C@]([10*])([H])C([H])([H])[H])c2c([H])c([30*])c(O[6*])c([H])c2n1,[H]Oc1c([H])c([H])c2c(N([H])C([H])([H])C([H])([H])[H])nc([H])nc2c1[H],-4.010186938727589,TYR36,"TRP35,TYR36"
6SCM_L7H_A,[5*]c1nc(N([H])[C@@]([10*])([18*])[H])c2c([H])c(O[15*])c(OC([H])([H])[H])c([H])c2n1,[H]Oc1c(OC([H])([H])[H])c([H])c2nc([H])nc(N([H])C([H])([H])[H])c2c1[H],-1.7498305869816857,TYR36,"TRP35,TYR36"
6SCM_L7H_A,[5*]c1nc(N([H])[C@@]([10*])([18*])[H])c2c([H])c(O[C@]3([H])C([H])([H])OC([H])([H])C3([H])[H])c([31*])c([H])c2n1,[H]c1nc(N([H])C([H])([H])[H])c2c([H])c(O[C@]3([H])C([H])([H])OC([H])([H])C3([H])[H])c([H])c([H])c2n1,-2.71497861478728,TYR36,"TRP35,TYR36"
6SCM_L7H_A,[5*]c1nc(N([H])[C@@]([10*])([18*])[H])c2c([H])c([30*])c(OC([H])([H])[H])c([H])c2n1,[H]c1nc(N([H])C([H])([H])[H])c2c([H])c([H])c(OC([H])([H])[H])c([H])c2n1,-1.4097152478021617,TYR36,"TRP35,TYR36"
6SCM_L7H_A,[5*]c1nc(N([H])[C@]([10*])([H])C([H])([H])[H])c2c([H])c(O[15*])c([31*])c([H])c2n1,[H]Oc1c([H])c([H])c2nc([H])nc(N([H])C([H])([H])C([H])([H])[H])c2c1[H],-3.9313853935144225,TYR36,"TRP35,TYR36"
6SCM_L7H_A,[5*]c1nc(N([H])[C@]([10*])([H])C([H])([H])[H])c2c([H])c([30*])c([31*])c([H])c2n1,[H]c1nc(N([H])C([H])([H])C([H])([H])[H])c2c([H])c([H])c([H])c([H])c2n1,-3.591270054334898,TYR36,"TRP35,TYR36"
6SCM_L7H_A,[5*]c1nc(N([H])[C@@]([H])(c2c([H])c([21*])c([H])c(N([H])[H])c2[H])C([H])([H])[H])c2c([H])c([30*])c([31*])c([H])c2n1,[H]c1nc(N([H])[C@@]([H])(c2c([H])c([H])c([H])c(N([H])[H])c2[H])C([H])([H])[H])c2c([H])c([H])c([H])c([H])c2n1,-2.144018734792447,"TRP35,TYR36","TRP35,TYR36"
6SCM_L7H_A,[6*]Oc1c(O[15*])c([H])c2c(N([H])[C@@]([10*])([18*])[H])nc(C([H])([H])[H])nc2c1[H],[H]Oc1c(O[H])c([H])c2c(N([H])C([H])([H])[H])nc(C([H])([H])[H])nc2c1[H],-2.821795532301399,TYR36,"TRP35,TYR36"
6SCM_L7H_A,[6*]Oc1c([30*])c([H])c2c(N([H])[C@@]([10*])([18*])[H])nc(C([H])([H])[H])nc2c1[H],[H]Oc1c([H])c([H])c2c(N([H])C([H])([H])[H])nc(C([H])([H])[H])nc2c1[H],-2.4816801931218744,TYR36,"TRP35,TYR36"
6SCM_L7H_A,[10*][C@]([18*])([H])N([H])c1nc(C([H])([H])[H])nc2c([H])c([31*])c(O[15*])c([H])c12,[H]Oc1c([H])c([H])c2nc(C([H])([H])[H])nc(N([H])C([H])([H])[H])c2c1[H],-2.402878647908708,TYR36,"TRP35,TYR36"
6SCM_L7H_A,[10*][C@]([18*])([H])N([H])c1nc(C([H])([H])[H])nc2c([H])c([31*])c([30*])c([H])c12,[H]c1c([H])c([H])c2c(N([H])C([H])([H])[H])nc(C([H])([H])[H])nc2c1[H],-2.0627633087291835,TYR36,"TRP35,TYR36"
6SCM_L7H_A,[9*]c1c([H])c([28*])c([H])c(C([24*])([25*])F)c1[H],[H]c1c([H])c([H])c(C([H])([H])F)c([H])c1[H],2.582917627013895,TRP35,TRP35
6SCM_L7H_A,[9*]c1c([H])c([28*])c([H])c(C([24*])([26*])F)c1[H],[H]c1c([H])c([H])c(C([H])([H])F)c([H])c1[H],2.6042390125057517,TRP35,TRP35
6SCM_L7H_A,[9*]c1c([H])c([28*])c([H])c(C([25*])([26*])F)c1[H],[H]c1c([H])c([H])c(C([H])([H])F)c([H])c1[H],2.5650180910352804,TRP35,TRP35
6SCM_L7H_A,[9*]c1c([H])c(N([H])[H])c([H])c(C([24*])([25*])[26*])c1[H],[H]c1c([H])c(N([H])[H])c([H])c(C([H])([H])[H])c1[H],1.799939317433877,TRP35,TRP35
6SCM_L7H_A,[18*][C@]([H])(c1c([H])c([21*])c([H])c(N([H])[H])c1[H])N([H])c1nc(C([H])([H])[H])nc2c([H])c([31*])c([30*])c([H])c12,[H]c1c([H])c(N([H])[H])c([H])c(C([H])([H])N([H])c2nc(C([H])([H])[H])nc3c([H])c([H])c([H])c([H])c23)c1[H],-0.615511989186732,"TRP35,TYR36","TRP35,TYR36"
6SCM_L7H_A,[21*]c1c([H])c([28*])c([H])c([C@]([H])(N([H])c2nc(C([H])([H])[H])nc3c([H])c([31*])c([30*])c([H])c23)C([H])([H])[H])c1[H],[H]c1c([H])c([H])c([C@]([H])(N([H])c2nc(C([H])([H])[H])nc3c([H])c([H])c([H])c([H])c23)C([H])([H])[H])c([H])c1[H],-1.5982050699776285,"TRP35,TYR36","TRP35,TYR36"
6SCM_L7H_A,[3*]N([H])[C@@]([18*])([H])c1c([H])c([28*])c([H])c(C([24*])([25*])F)c1[H],[H]c1c([H])c(C([H])([H])F)c([H])c(C([H])([H])N([H])[H])c1[H],2.1332047774975833,TRP35,TRP35
6SCM_L7H_A,[3*]N([H])[C@@]([18*])([H])c1c([H])c([28*])c([H])c(C([24*])([26*])F)c1[H],[H]c1c([H])c(C([H])([H])F)c([H])c(C([H])([H])N([H])[H])c1[H],2.15452616298944,TRP35,TRP35
6SCM_L7H_A,[3*]N([H])[C@@]([18*])([H])c1c([H])c([28*])c([H])c(C([25*])([26*])F)c1[H],[H]c1c([H])c(C([H])([H])F)c([H])c(C([H])([H])N([H])[H])c1[H],2.115305241518969,TRP35,TRP35
6SCM_L7H_A,[3*]N([H])[C@@]([18*])([H])c1c([H])c(N([H])[H])c([H])c(C([24*])([25*])[26*])c1[H],[H]c1c(N([H])[H])c([H])c(C([H])([H])N([H])[H])c([H])c1C([H])([H])[H],1.350226467917565,TRP35,TRP35
6SCM_L7H_A,[3*]N([H])[C@@]([H])(c1c([H])c([28*])c([H])c(C([24*])([25*])[26*])c1[H])C([H])([H])[H],[H]c1c([H])c(C([H])([H])[H])c([H])c([C@]([H])(N([H])[H])C([H])([H])[H])c1[H],0.3675333871266681,TRP35,TRP35
6SCM_L7H_A,[4*][C@@]([18*])([H])c1c([H])c([28*])c([H])c(C([24*])([25*])F)c1[H],[H]c1c([H])c(C([H])([H])[H])c([H])c(C([H])([H])F)c1[H],2.2979276053642006,TRP35,TRP35
6SCM_L7H_A,[4*][C@@]([18*])([H])c1c([H])c([28*])c([H])c(C([24*])([26*])F)c1[H],[H]c1c([H])c(C([H])([H])[H])c([H])c(C([H])([H])F)c1[H],2.319248990856057,TRP35,TRP35
6SCM_L7H_A,[4*][C@@]([18*])([H])c1c([H])c([28*])c([H])c(C([25*])([26*])F)c1[H],[H]c1c([H])c(C([H])([H])[H])c([H])c(C([H])([H])F)c1[H],2.2800280693855863,TRP35,TRP35
6SCM_L7H_A,[4*][C@@]([18*])([H])c1c([H])c(N([H])[H])c([H])c(C([24*])([25*])[26*])c1[H],[H]c1c(N([H])[H])c([H])c(C([H])([H])[H])c([H])c1C([H])([H])[H],1.5149492957841824,TRP35,TRP35
6SCM_L7H_A,[4*][C@@]([H])(c1c([H])c([28*])c([H])c(C([24*])([25*])[26*])c1[H])C([H])([H])[H],[H]c1c([H])c(C([H])([H])[H])c([H])c(C([H])([H])C([H])([H])[H])c1[H],0.5322562149932855,TRP35,TRP35
6SCM_L7H_A,[5*]c1nc(N([H])[C@@]([10*])([18*])[H])c2c([H])c(O[15*])c(O[6*])c([H])c2n1,[H]Oc1c(O[H])c([H])c2c(N([H])C([H])([H])[H])nc([H])nc2c1[H],-2.9404518057889044,TYR36,"TRP35,TYR36"
6SCM_L7H_A,[5*]c1nc(N([H])[C@@]([10*])([18*])[H])c2c([H])c([30*])c(O[6*])c([H])c2n1,[H]Oc1c([H])c([H])c2c(N([H])C([H])([H])[H])nc([H])nc2c1[H],-2.60033646660938,TYR36,"TRP35,TYR36"
6SCM_L7H_A,[5*]c1nc(N([H])[C@@]([18*])([H])c2c([H])c([21*])c([H])c(N([H])[H])c2[H])c2c([H])c([30*])c(O[6*])c([H])c2n1,[H]Oc1c([H])c([H])c2c(N([H])C([H])([H])c3c([H])c([H])c([H])c(N([H])[H])c3[H])nc([H])nc2c1[H],-1.153085147066929,"TRP35,TYR36","TRP35,TYR36"
6SCM_L7H_A,[5*]c1nc(N([H])[C@@]([H])(c2c([H])c([21*])c([H])c([28*])c2[H])C([H])([H])[H])c2c([H])c([30*])c(O[6*])c([H])c2n1,[H]Oc1c([H])c([H])c2c(N([H])[C@@]([H])(c3c([H])c([H])c([H])c([H])c3[H])C([H])([H])[H])nc([H])nc2c1[H],-2.1357782278578257,"TRP35,TYR36","TRP35,TYR36"
6SCM_L7H_A,[5*]c1nc(N([H])[C@@]([10*])([18*])[H])c2c([H])c(O[15*])c([31*])c([H])c2n1,[H]Oc1c([H])c([H])c2nc([H])nc(N([H])C([H])([H])[H])c2c1[H],-2.5215349213962135,TYR36,"TRP35,TYR36"
6SCM_L7H_A,[5*]c1nc(N([H])[C@@]([10*])([18*])[H])c2c([H])c([30*])c([31*])c([H])c2n1,[H]c1nc(N([H])C([H])([H])[H])c2c([H])c([H])c([H])c([H])c2n1,-2.181419582216689,TYR36,"TRP35,TYR36"
6SCM_L7H_A,[5*]c1nc(N([H])[C@@]([18*])([H])c2c([H])c([21*])c([H])c(N([H])[H])c2[H])c2c([H])c(O[15*])c([31*])c([H])c2n1,[H]Oc1c([H])c([H])c2nc([H])nc(N([H])C([H])([H])c3c([H])c([H])c([H])c(N([H])[H])c3[H])c2c1[H],-1.0742836018537625,"TRP35,TYR36","TRP35,TYR36"
6SCM_L7H_A,[5*]c1nc(N([H])[C@@]([18*])([H])c2c([H])c([21*])c([H])c(N([H])[H])c2[H])c2c([H])c([30*])c([31*])c([H])c2n1,[H]c1nc(N([H])C([H])([H])c2c([H])c([H])c([H])c(N([H])[H])c2[H])c2c([H])c([H])c([H])c([H])c2n1,-0.7341682626742378,"TRP35,TYR36","TRP35,TYR36"
6SCM_L7H_A,[5*]c1nc(N([H])[C@@]([18*])([H])c2c([H])c([21*])c([H])c([28*])c2[H])c2c([H])c([30*])c(OC([H])([H])[H])c([H])c2n1,[H]c1nc(N([H])C([H])([H])c2c([H])c([H])c([H])c([H])c2[H])c2c([H])c([H])c(OC([H])([H])[H])c([H])c2n1,0.46469346306760284,"TRP35,TYR36","TRP35,TYR36"
6SCM_L7H_A,[5*]c1nc(N([H])[C@@]([H])(c2c([H])c([21*])c([H])c([28*])c2[H])C([H])([H])[H])c2c([H])c(O[15*])c([31*])c([H])c2n1,[H]Oc1c([H])c([H])c2nc([H])nc(N([H])[C@@]([H])(c3c([H])c([H])c([H])c([H])c3[H])C([H])([H])[H])c2c1[H],-2.0569766826446587,"TRP35,TYR36","TRP35,TYR36"
6SCM_L7H_A,[5*]c1nc(N([H])[C@@]([H])(c2c([H])c([21*])c([H])c([28*])c2[H])C([H])([H])[H])c2c([H])c([30*])c([31*])c([H])c2n1,[H]c1nc(N([H])[C@@]([H])(c2c([H])c([H])c([H])c([H])c2[H])C([H])([H])[H])c2c([H])c([H])c([H])c([H])c2n1,-1.7168613434651343,"TRP35,TYR36","TRP35,TYR36"
6SCM_L7H_A,[6*]Oc1c([30*])c([H])c2c(N([H])[C@@]([18*])([H])c3c([H])c([21*])c([H])c([28*])c3[H])nc(C([H])([H])[H])nc2c1[H],[H]Oc1c([H])c([H])c2c(N([H])C([H])([H])c3c([H])c([H])c([H])c([H])c3[H])nc(C([H])([H])[H])nc2c1[H],-0.6072714822521105,"TRP35,TYR36","TRP35,TYR36"
6SCM_L7H_A,[9*]c1c([H])c([28*])c([H])c(C([24*])([25*])[26*])c1[H],[H]c1c([H])c([H])c(C([H])([H])[H])c([H])c1[H],2.2270967087611893,TRP35,TRP35
6SCM_L7H_A,[15*]Oc1c([31*])c([H])c2nc(C([H])([H])[H])nc(N([H])[C@@]([18*])([H])c3c([H])c([21*])c([H])c([28*])c3[H])c2c1[H],[H]Oc1c([H])c([H])c2nc(C([H])([H])[H])nc(N([H])C([H])([H])c3c([H])c([H])c([H])c([H])c3[H])c2c1[H],-0.5284699370389437,"TRP35,TYR36","TRP35,TYR36"
6SCM_L7H_A,[18*][C@]([H])(c1c([H])c([21*])c([H])c([28*])c1[H])N([H])c1nc(C([H])([H])[H])nc2c([H])c([31*])c([30*])c([H])c12,[H]c1c([H])c([H])c(C([H])([H])N([H])c2nc(C([H])([H])[H])nc3c([H])c([H])c([H])c([H])c23)c([H])c1[H],-0.18835459785941921,"TRP35,TYR36","TRP35,TYR36"
6SCM_L7H_A,[3*]N([H])[C@@]([18*])([H])c1c([H])c([28*])c([H])c(C([24*])([25*])[26*])c1[H],[H]c1c([H])c(C([H])([H])[H])c([H])c(C([H])([H])N([H])[H])c1[H],1.7773838592448774,TRP35,TRP35
6SCM_L7H_A,[4*][C@@]([18*])([H])c1c([H])c([28*])c([H])c(C([24*])([25*])[26*])c1[H],[H]c1c([H])c(C([H])([H])[H])c([H])c(C([H])([H])[H])c1[H],1.9421066871114947,TRP35,TRP35
6SCM_L7H_A,[5*]c1nc(N([H])[C@@]([18*])([H])c2c([H])c([21*])c([H])c([28*])c2[H])c2c([H])c(O[15*])c(O[6*])c([H])c2n1,[H]Oc1c(O[H])c([H])c2c(N([H])C([H])([H])c3c([H])c([H])c([H])c([H])c3[H])nc([H])nc2c1[H],-1.0660430949191406,"TRP35,TYR36","TRP35,TYR36"
6SCM_L7H_A,[5*]c1nc(N([H])[C@@]([18*])([H])c2c([H])c([21*])c([H])c([28*])c2[H])c2c([H])c([30*])c(O[6*])c([H])c2n1,[H]Oc1c([H])c([H])c2c(N([H])C([H])([H])c3c([H])c([H])c([H])c([H])c3[H])nc([H])nc2c1[H],-0.7259277557396164,"TRP35,TYR36","TRP35,TYR36"
6SCM_L7H_A,[5*]c1nc(N([H])[C@@]([18*])([H])c2c([H])c([21*])c([H])c([28*])c2[H])c2c([H])c(O[15*])c([31*])c([H])c2n1,[H]Oc1c([H])c([H])c2nc([H])nc(N([H])C([H])([H])c3c([H])c([H])c([H])c([H])c3[H])c2c1[H],-0.6471262105264498,"TRP35,TYR36","TRP35,TYR36"
6SCM_L7H_A,[5*]c1nc(N([H])[C@@]([18*])([H])c2c([H])c([21*])c([H])c([28*])c2[H])c2c([H])c([30*])c([31*])c([H])c2n1,[H]c1nc(N([H])C([H])([H])c2c([H])c([H])c([H])c([H])c2[H])c2c([H])c([H])c([H])c([H])c2n1,-0.3070108713469253,"TRP35,TYR36","TRP35,TYR36"
6SCM_L7H_A,[5*]c1nc(N([H])[C@@]([18*])([H])c2c([H])c([28*])c([H])c(C([24*])([25*])F)c2[H])c2c([H])c([30*])c([31*])c([H])c2n1,[H]c1nc(N([H])C([H])([H])c2c([H])c([H])c([H])c(C([H])([H])F)c2[H])c2c([H])c([H])c([H])c([H])c2n1,0.40149804479720597,"TRP35,TYR36","TRP35,TYR36"
6SCM_L7H_A,[5*]c1nc(N([H])[C@@]([18*])([H])c2c([H])c([28*])c([H])c(C([24*])([26*])F)c2[H])c2c([H])c([30*])c([31*])c([H])c2n1,[H]c1nc(N([H])C([H])([H])c2c([H])c([H])c([H])c(C([H])([H])F)c2[H])c2c([H])c([H])c([H])c([H])c2n1,0.42281943028906255,"TRP35,TYR36","TRP35,TYR36"
6SCM_L7H_A,[5*]c1nc(N([H])[C@@]([18*])([H])c2c([H])c([28*])c([H])c(C([25*])([26*])F)c2[H])c2c([H])c([30*])c([31*])c([H])c2n1,[H]c1nc(N([H])C([H])([H])c2c([H])c([H])c([H])c(C([H])([H])F)c2[H])c2c([H])c([H])c([H])c([H])c2n1,0.38359850881859126,"TRP35,TYR36","TRP35,TYR36"
6SCM_L7H_A,[5*]c1nc(N([H])[C@@]([18*])([H])c2c([H])c(N([H])[H])c([H])c(C([24*])([25*])[26*])c2[H])c2c([H])c([30*])c([31*])c([H])c2n1,[H]c1nc(N([H])C([H])([H])c2c([H])c(N([H])[H])c([H])c(C([H])([H])[H])c2[H])c2c([H])c([H])c([H])c([H])c2n1,-0.38148026478281294,"TRP35,TYR36","TRP35,TYR36"
6SCM_L7H_A,[5*]c1nc(N([H])[C@@]([H])(c2c([H])c([28*])c([H])c(C([24*])([25*])[26*])c2[H])C([H])([H])[H])c2c([H])c([30*])c([31*])c([H])c2n1,[H]c1nc(N([H])[C@@]([H])(c2c([H])c([H])c([H])c(C([H])([H])[H])c2[H])C([H])([H])[H])c2c([H])c([H])c([H])c([H])c2n1,-1.3641733455737088,"TRP35,TYR36","TRP35,TYR36"
6SCM_L7H_A,[18*][C@]([H])(c1c([H])c([28*])c([H])c(C([24*])([25*])[26*])c1[H])N([H])c1nc(C([H])([H])[H])nc2c([H])c([31*])c([30*])c([H])c12,[H]c1c([H])c(C([H])([H])[H])c([H])c(C([H])([H])N([H])c2nc(C([H])([H])[H])nc3c([H])c([H])c([H])c([H])c23)c1[H],0.16433340003200655,"TRP35,TYR36","TRP35,TYR36"
6SCM_L7H_A,[5*]c1nc(N([H])[C@@]([18*])([H])c2c([H])c([28*])c([H])c(C([24*])([25*])[26*])c2[H])c2c([H])c([30*])c(O[6*])c([H])c2n1,[H]Oc1c([H])c([H])c2c(N([H])C([H])([H])c3c([H])c([H])c([H])c(C([H])([H])[H])c3[H])nc([H])nc2c1[H],-0.3732397578481913,"TRP35,TYR36","TRP35,TYR36"
6SCM_L7H_A,[5*]c1nc(N([H])[C@@]([18*])([H])c2c([H])c([28*])c([H])c(C([24*])([25*])[26*])c2[H])c2c([H])c(O[15*])c([31*])c([H])c2n1,[H]Oc1c([H])c([H])c2nc([H])nc(N([H])C([H])([H])c3c([H])c([H])c([H])c(C([H])([H])[H])c3[H])c2c1[H],-0.29443821263502457,"TRP35,TYR36","TRP35,TYR36"
6SCM_L7H_A,[5*]c1nc(N([H])[C@@]([18*])([H])c2c([H])c([28*])c([H])c(C([24*])([25*])[26*])c2[H])c2c([H])c([30*])c([31*])c([H])c2n1,[H]c1nc(N([H])C([H])([H])c2c([H])c([H])c([H])c(C([H])([H])[H])c2[H])c2c([H])c([H])c([H])c([H])c2n1,0.04567712654449982,"TRP35,TYR36","TRP35,TYR36"
