,kind,PDBsource,Smiles,HydrophobicResidues
0,inactive,6T7F_LWZ_B,*C(=O)CC(*)*,"CYS85,CYS4520"
1,inactive,6T7F_LWZ_B,*CNC(=O)CC(*)S,"CYS85,CYS4520"
2,inactive,6T7F_LWZ_B,*CNC(=O)CC(*)*,"CYS85,CYS4520"
3,inactive,6T7F_LWZ_B,*C(=O)CC(*)S,"CYS85,CYS4520"
4,inactive,6T7F_LWZ_B,*CC(*)=O,"CYS85,CYS4520"
5,inactive,6T7F_LWZ_B,*CC(*)*,"CYS85,CYS4520"
6,inactive,6T7F_LWZ_B,*NC(=O)CC(*)S,"CYS85,CYS4520"
7,inactive,6T7F_LWZ_B,*CNC(=O)C*,"CYS85,CYS4520"
8,inactive,6T7F_LWZ_B,*CC(S)S,"CYS85,CYS4520"
9,inactive,6T7F_LWZ_B,*CC(=O)NCc1cn[nH]n1,"CYS85,CYS4520"
10,inactive,6T7F_LWZ_B,*NC(=O)CC(*)*,"CYS85,CYS4520"
11,inactive,6T7F_LWZ_B,*CC(=O)N*,"CYS85,CYS4520"
12,inactive,6T7F_LWZ_B,*NC(=O)CC(S)S,"CYS85,CYS4520"
13,inactive,6T7F_LWZ_B,*C(S)CC(=O)NCc1cn[nH]n1,"CYS85,CYS4520"
14,inactive,6T7F_LWZ_B,*CC(*)S,"CYS85,CYS4520"
15,inactive,6T7F_LWZ_B,*C(=O)CC(S)S,"CYS85,CYS4520"
16,inactive,6T7F_LWZ_B,*C(*)CC(=O)NCc1cn[nH]n1,"CYS85,CYS4520"
17,inactive,6T7F_LWZ_B,*CNC(=O)CC(S)S,"CYS85,CYS4520"
18,inactive,7EWK_LUT_1,*C(C)=CC=*,CYS90
19,inactive,7EWK_LUT_1,*C(=*)C,CYS90
20,inactive,7EWK_LUT_1,*=CC(=*)C,CYS90
21,inactive,7EWK_LUT_1,*=CC=C(C)C=*,CYS90
22,inactive,7EWK_LUT_1,*=CC=CC(C)=CC=CC=C(C)C=CC=C(C)C=*,"CYS90,TRP86,ALA87,MET192"
23,inactive,7EWK_LUT_1,*=CC(C)=CC=CC=C(C)C=CC=C(C)C=*,"CYS90,TRP86,ALA87,MET192"
24,inactive,7EWK_LUT_1,*C(C)=CC=CC(C)=CC=CC=C(C)C=CC=*,"CYS90,TRP86,ALA87,MET192"
25,inactive,7EWK_LUT_1,*C(C)=CC=CC(C)=CC=CC=C(C)C=*,"CYS90,TRP86,ALA87,MET192"
26,inactive,7EWK_LUT_1,*C=CC(C)=CC=CC(C)=CC=CC=C(C)C=CC=C(*)C,"CYS90,TRP86,ALA87,MET192"
27,inactive,7EWK_LUT_1,*=CC(C)=CC=CC(=*)C,"TRP86,CYS90,ALA87"
28,inactive,7EWK_LUT_1,*C(C)=CC=CC(=*)C,"TRP86,CYS90,ALA87"
29,inactive,7EWK_LUT_1,*=CC=C(C)C=C[C@H]1C(C)=C[C@H](O)CC1(C)C,"VAL94,CYS90"
30,inactive,7EWK_LUT_1,*=C(C)C=C[C@H]1C(C)=C[C@H](O)CC1(C)C,"VAL94,CYS90"
31,inactive,7EWK_LUT_1,*C1(C)C[C@@H](O)C=C(C)[C@@H]1C=CC(C)=CC=*,"VAL94,CYS90"
32,inactive,7EWK_LUT_1,*C1(C)C[C@@H](O)C=C(C)[C@@H]1C=CC(=*)C,"VAL94,CYS90"
33,inactive,7EWK_LUT_1,*=C(C)C=CC=C(C)C=C[C@H]1C(C)=C[C@H](O)CC1(C)C,"VAL94,TRP86,CYS90,ALA87"
34,inactive,7EWK_LUT_1,*C1(C)C[C@@H](O)C=C(C)[C@@H]1C=CC(C)=CC=CC(=*)C,"VAL94,TRP86,CYS90,ALA87"
